created_at,tweet
2021-10-26 15:20:06+02:00,['NoBailToAryanKhan']
2021-10-26 15:20:06+02:00,['MoreAboutNADINE']
2021-10-26 15:20:07+02:00,['oneus']
2021-10-26 15:20:07+02:00,['AirdropKing']
2021-10-26 15:20:07+02:00,['SB19Anniv3rsaryLive']
2021-10-26 15:20:07+02:00,['SquidGame']
2021-10-26 15:20:08+02:00,['bagcilar']
2021-10-26 15:20:09+02:00,"['firebase', 'stackoverflow']"
2021-10-26 15:20:10+02:00,['SB19Anniv3rsarylive']
2021-10-26 15:20:10+02:00,['ForTheH']
2021-10-26 15:20:12+02:00,['KilicdaroglununAtamaCagrisi']
2021-10-26 15:20:13+02:00,"['StrayKidsdiWIBTVShow', 'TokopediaWIBOktober', 'AsyikMainBareng', 'WaktuIndonesiaBelanja']"
2021-10-26 15:20:14+02:00,['VivaOSuS']
2021-10-26 15:20:14+02:00,['originalcharacter']
2021-10-26 15:20:15+02:00,"['LunarCrush', 'LunarShare']"
2021-10-26 15:20:15+02:00,['AMC']
2021-10-26 15:20:16+02:00,['studioart']
2021-10-26 15:20:17+02:00,"['SameerVankhede', 'AryanKhan']"
2021-10-26 15:20:19+02:00,['MoreAboutNADINE']
2021-10-26 15:20:20+02:00,"['TuKiRaWithDJHueningkai', 'TOMORROW_X_TOGETHER']"
2021-10-26 15:20:20+02:00,['PanadolID']
2021-10-26 15:20:20+02:00,"['ShopeeBucininNCT127', 'DiShopeeAdaNCT127', 'KetemuNCT127diShope']"
2021-10-26 15:20:22+02:00,['MoreAboutNADINE']
2021-10-26 15:20:22+02:00,"['RahulVaidya', 'RKVians']"
2021-10-26 15:20:23+02:00,['AccidentalPartridge']
2021-10-26 15:20:23+02:00,"['SB19', 'SB19Anniv3rsaryLIVE', 'RAWRAwards2021', 'RAWRATIN']"
2021-10-26 15:20:24+02:00,['RedRibbonWeek2021']
2021-10-26 15:20:25+02:00,"['TuKiRaWithDJHueningkai', 'TOMORROW_X_TOGETHER']"
2021-10-26 15:20:25+02:00,"['LunarCrush', 'LunarShare']"
2021-10-26 15:20:25+02:00,['Taurus']
2021-10-26 15:20:26+02:00,['TuKiRaWithDJHueningkai']
2021-10-26 15:20:26+02:00,['guns']
2021-10-26 15:20:27+02:00,['ARIAsArianaGrande']
2021-10-26 15:20:28+02:00,"['SelaludiShopeeMantulSale', 'BelanjaMantuldiShopee', 'HariGajianIngatShopee']"
2021-10-26 15:20:28+02:00,['505']
2021-10-26 15:20:29+02:00,['mood']
2021-10-26 15:20:33+02:00,"['SB19', 'SB19Anniv3rsaryLive']"
2021-10-26 15:20:33+02:00,"['ASEAN_StandWithJustice', 'Oct26Coup', 'WhatsHappeningInMyanmar']"
2021-10-26 15:20:34+02:00,['SterbenmitLudwig']
2021-10-26 15:20:34+02:00,['beatimekbc']
2021-10-26 15:20:35+02:00,['cookierun']
2021-10-26 15:20:35+02:00,['ARIAsTaylorSwift']
2021-10-26 15:20:36+02:00,['8']
2021-10-26 15:20:37+02:00,"['PratikIsTheBoss', 'PratikSehajpal']"
2021-10-26 15:20:38+02:00,['ARIAsJustinBieber']
2021-10-26 15:20:38+02:00,['MondayMotivation']
2021-10-26 15:20:39+02:00,['MohdShami']
2021-10-26 15:20:40+02:00,['THATHGavinDecides']
2021-10-26 15:20:42+02:00,['LALISA']
2021-10-26 15:20:42+02:00,['ARIAsArianaGrande']
2021-10-26 15:20:42+02:00,['NipeeIDNivote']
2021-10-26 15:20:43+02:00,"['jesusnuncafalla', 'leonardobailey']"
2021-10-26 15:20:43+02:00,['NORUNANOLIFE']
2021-10-26 15:20:43+02:00,"['bdsm', 'soumi', 'domi', 'lope', 'boss']"
2021-10-26 15:20:44+02:00,"['ZaynMalik', '100mosthandsomemen2021', 'tbworld2021']"
2021-10-26 15:20:44+02:00,['NationalPumpkinDay']
2021-10-26 15:20:45+02:00,"['TuKiRaWithDJHueningkai', 'TOMORROW_X_TOGETHER']"
2021-10-26 15:20:46+02:00,"['SB19Anniv3rsaryLive', 'RAWRAwards2021', 'RAWRATIN']"
2021-10-26 15:20:46+02:00,['arthurmeme']
2021-10-26 15:20:47+02:00,['JucoBandit']
2021-10-26 15:20:49+02:00,['NCT127']
2021-10-26 15:20:50+02:00,['AshTan']
2021-10-26 15:20:50+02:00,"['NoBailToAryanKhan', 'NoBailToAryanKhan']"
2021-10-26 15:20:50+02:00,"['chowder', 'cartoonnetwork', 'fanart']"
2021-10-26 15:20:51+02:00,"['SB19Anniv3rsaryLive', 'RAWRAwards2021', 'RAWRATIN']"
2021-10-26 15:20:52+02:00,['IStandWithShami']
2021-10-26 15:20:53+02:00,['climate200']
2021-10-26 15:20:55+02:00,['SB19Anniv3rsaryLive']
2021-10-26 15:20:55+02:00,['NoBailToAryanKhan']
2021-10-26 15:20:55+02:00,"['GuestBlog', 'University', 'college', 'students', 'careeradvice']"
2021-10-26 15:20:55+02:00,"['Roblox', 'RobloxDev']"
2021-10-26 15:20:56+02:00,['3090foreaJ']
2021-10-26 15:20:57+02:00,['THATHGavinDecides']
2021-10-26 15:20:57+02:00,['PratikIsTheBoss']
2021-10-26 15:20:57+02:00,['RiprendiamociIlFuturo']
2021-10-26 15:21:00+02:00,['ASKShawties']
2021-10-26 15:21:01+02:00,['JIMIN']
2021-10-26 15:21:01+02:00,['LetsGoBrandon']
2021-10-26 15:21:02+02:00,['TejasswilsTheBoss']
2021-10-26 15:21:02+02:00,"['ASEAN_StandWithJustice', 'Oct26Coup', 'WhatsHappeningInMyanmar']"
2021-10-26 15:21:03+02:00,['Musibatkabdy']
2021-10-26 15:21:04+02:00,['DrDogKiller']
2021-10-26 15:21:04+02:00,"['Sidharthshukla', '100MostHandsomeMen2021', 'TBworld2021']"
2021-10-26 15:21:05+02:00,"['ASEAN_StandWithJustice', 'Oct26Coup', 'WhatsHappeningInMyanmar']"
2021-10-26 15:21:06+02:00,"['TruthSocial', 'SocialRebel']"
2021-10-26 15:21:07+02:00,"['StrayKidsdiWIBTVShow', 'TokopediaWIBOktober', 'AsyikMainBareng', 'WaktuIndonesiaBelanja']"
2021-10-26 15:21:07+02:00,['DoWhatMovesYou']
2021-10-26 15:21:10+02:00,"['SellingContent', 'snapchat', 'buyingcontent']"
2021-10-26 15:21:10+02:00,"['SelaludiShopeeMantulSale', 'BelanjaMantuldiShopee', 'HariGajianIngatShopee']"
2021-10-26 15:21:10+02:00,['Destiny2']
2021-10-26 15:21:11+02:00,['TimnasDay']
2021-10-26 15:21:12+02:00,"['Shopee1111xNCT127', 'ShopeexNCT127', 'NCT127diShopee']"
2021-10-26 15:21:12+02:00,['HY']
2021-10-26 15:21:14+02:00,"['Sunshine', 'LiamPayne']"
2021-10-26 15:21:14+02:00,"['RAWRAwards2021', 'RAWRDonBelle']"
2021-10-26 15:21:14+02:00,['DrDogKiller']
2021-10-26 15:21:15+02:00,['ZhangLinghe']
2021-10-26 15:21:15+02:00,['SameerWakhede']
2021-10-26 15:21:15+02:00,['DrDogKiller']
2021-10-26 15:21:16+02:00,['TuKiRaWithDJHueningkai']
2021-10-26 15:21:17+02:00,['NoBailToAryanKhan']
2021-10-26 15:21:17+02:00,['bitcoin']
2021-10-26 15:21:18+02:00,['georgenotfoundfanart']
2021-10-26 15:21:19+02:00,"['Shadowhunters', 'SaveShadowhunters']"
2021-10-26 15:21:19+02:00,['MyTwitterAnniversary']
2021-10-26 15:21:20+02:00,['parkjongseong']
2021-10-26 15:21:20+02:00,['TuKiRaWithDJHueningkai']
2021-10-26 15:21:20+02:00,"['25Oct', 'CONAS']"
2021-10-26 15:21:20+02:00,['FREEZAYN']
2021-10-26 15:21:21+02:00,['TuKiRaWithDJHueningkai']
2021-10-26 15:21:21+02:00,"['TMobileTuesdays', 'Contests']"
2021-10-26 15:21:22+02:00,['imgxobts']
2021-10-26 15:21:23+02:00,['IStandWithShami']
2021-10-26 15:21:23+02:00,['SHIBARMY']
2021-10-26 15:21:24+02:00,"['4', '7', '9', '13']"
2021-10-26 15:21:25+02:00,['TuKiRaWithDJHueningkai']
2021-10-26 15:21:26+02:00,"['ASEAN_StandWithJustice', 'Oct26Coup', 'WhatsHappeningInMyanmar']"
2021-10-26 15:21:27+02:00,['TuKiRaWithDJHueningkai']
2021-10-26 15:21:27+02:00,"['Thalapathy66', 'Master', 'Beast']"
2021-10-26 15:21:28+02:00,['yulivia']
2021-10-26 15:21:30+02:00,"['HENDERY', 'XIAOJUN']"
2021-10-26 15:21:31+02:00,['rexnctz']
2021-10-26 15:21:31+02:00,['MoreAboutNADINE']
2021-10-26 15:21:31+02:00,"['quotes', 'mondaymotivation', 'CommunicationQuotes']"
2021-10-26 15:21:32+02:00,['Meddiesm']
2021-10-26 15:21:33+02:00,['SB19Anniv3rsaryLive']
2021-10-26 15:21:34+02:00,"['WhatsHappeningInMyanmar', 'Oct26Coup', 'ASEAN_StandWithJustice']"
2021-10-26 15:21:34+02:00,"['Sunshine', 'LiamPayne']"
2021-10-26 15:21:34+02:00,"['V', 'JUNGKOOK', 'BTS']"
2021-10-26 15:21:36+02:00,"['ZaynMalik', '100mosthandsomemen2021', 'tbworld2021']"
2021-10-26 15:21:37+02:00,"['ShopeeBucininNCT127', 'DiShopeeAdaNCT127', 'KetemuNCT127diShopee']"
2021-10-26 15:21:38+02:00,"['SB19Anniv3rsaryLive', 'RAWRAwards2021', 'RAWRATIN']"
2021-10-26 15:21:39+02:00,"['SelaludiShopeeMantulSale', 'BelanjaMantuldiShopee', 'HariGajianIngatShopee']"
2021-10-26 15:21:39+02:00,['THATHGavinDecides']
2021-10-26 15:21:40+02:00,['TuKiRaWithDJHueningkai']
2021-10-26 15:21:41+02:00,['kirraak']
2021-10-26 15:21:42+02:00,['Prabhas']
2021-10-26 15:21:43+02:00,['NowPlaying']
2021-10-26 15:21:43+02:00,"['HotTrendingSongs', 'ToaLaNoche', 'CNCO']"
2021-10-26 15:21:44+02:00,"['hi', 'heisenbergscat']"
2021-10-26 15:21:44+02:00,"['RAWRAwards2021', 'RAWRViceGanda']"
2021-10-26 15:21:45+02:00,['THATHGavinDecides']
2021-10-26 15:21:46+02:00,"['Vermist', 'Breda', 'NoordBrabant', 'Nederland']"
2021-10-26 15:21:47+02:00,['TuKiRaWithDJHueningkai']
2021-10-26 15:21:47+02:00,"['PuneethRajkumar', 'KingAppu']"
2021-10-26 15:21:47+02:00,['cerkezkoy']
2021-10-26 15:21:47+02:00,"['AnimalCrossing', 'ACNH', 'NintendoSwitch']"
2021-10-26 15:21:48+02:00,['LeadershipMatters']
2021-10-26 15:21:50+02:00,['US550']
2021-10-26 15:21:50+02:00,"['ZERO_Teaser01', 'SuperJuniorDnE', 'ZERO']"
2021-10-26 15:21:50+02:00,['WeTrustSameerWakhende']
2021-10-26 15:21:51+02:00,"['tezos', 'hicetnunc', 'CleanNFT', 'OBJKT']"
2021-10-26 15:21:51+02:00,['GuessThatLITZ']
2021-10-26 15:21:52+02:00,"['SelaludiShopeeMantulSale', 'BelanjaMantuldiShopee', 'HariGajianIngatShopee']"
2021-10-26 15:21:52+02:00,"['ultgg', 'ultimogg', 'binance', 'bnb', 'BHSDF']"
2021-10-26 15:21:53+02:00,['MoreAboutNADINE']
2021-10-26 15:21:53+02:00,['NoBailToAryanKhan']
2021-10-26 15:21:53+02:00,['rexnctz']
2021-10-26 15:21:53+02:00,"['Oct26Coup', 'WhatsHappeningInMyanmar']"
2021-10-26 15:21:53+02:00,"['GameFi', 'NFT', 'PlayToEarn', 'Metaverse']"
2021-10-26 15:21:57+02:00,['photoshop']
2021-10-26 15:21:57+02:00,"['1560BD', 'denim', 'everycolour', 'bot', 'art', 'colours', 'twitterbot']"
2021-10-26 15:21:58+02:00,"['Shopee1111xNCT127', 'ShopeexNCT127', 'NCT127diShopee']"
2021-10-26 15:21:58+02:00,"['quote', 'quotesmith55', 'attitude', 'TuesdayMotivation']"
2021-10-26 15:21:58+02:00,"['SB19Anniv3rsaryLive', 'RAWRAwards2021', 'RAWRATIN']"
2021-10-26 15:21:59+02:00,['GuessThatLITZ']
2021-10-26 15:21:59+02:00,['originalcharacter']
2021-10-26 15:21:59+02:00,['DrDogKiller']
2021-10-26 15:21:59+02:00,"['crypto', 'blockchain', 'cryptocurrency', 'cloud', 'decentralized', 'altcoin', 'confidentiality', 'privacy', 'coins']"
2021-10-26 15:21:59+02:00,['MTVEMAs']
2021-10-26 15:21:59+02:00,['musicismylife']
2021-10-26 15:22:01+02:00,"['SaveShadowhunters', 'Shadowhunters']"
2021-10-26 15:22:01+02:00,"['NetflixTHx4EVE', '4EVE']"
2021-10-26 15:22:02+02:00,"['Portugal', 'portuguese', 'greedy', 'europa', 'world']"
2021-10-26 15:22:03+02:00,['SB19Anniv3rsaryLive']
2021-10-26 15:22:03+02:00,"['ShopeeBucininNCT127', 'DiShopeeAdaNCT127', 'KetemuNCT127diShopee']"
2021-10-26 15:22:03+02:00,"['ScottishIndependence9', 'ScottishIndependence10']"
2021-10-26 15:22:03+02:00,['MurphyMandates']
2021-10-26 15:22:04+02:00,['DoWhatMovesYou']
2021-10-26 15:22:04+02:00,['JAKE']
2021-10-26 15:22:04+02:00,['DailyQuino']
2021-10-26 15:22:06+02:00,"['mondaythoughts', 'mustwatch']"
2021-10-26 15:22:07+02:00,['ForTheH']
2021-10-26 15:22:08+02:00,['Zdrajcy']
2021-10-26 15:22:10+02:00,"['ShopeeBucininNCT127', 'DiShopeeAdaNCT127', 'KetemuNCT127diShopee']"
2021-10-26 15:22:10+02:00,['SpiderManNoWayHome']
2021-10-26 15:22:10+02:00,['affirmation']
2021-10-26 15:22:12+02:00,"['ShopeeBucininNCT127', 'DiShopeeAdaNCT127', 'KetemuNCT127diShopee']"
2021-10-26 15:22:13+02:00,"['RAWRAwards2021', 'RAWRDonBelle']"
2021-10-26 15:22:13+02:00,['EarlyHalloween_zip']
2021-10-26 15:22:14+02:00,"['Airdrop', 'GameFi', 'NFT', 'PlayToEarn', 'Metaverse']"
2021-10-26 15:22:15+02:00,['AVeryBritishScandal']
2021-10-26 15:22:16+02:00,['animation']
2021-10-26 15:22:18+02:00,['9']
2021-10-26 15:22:19+02:00,['YangZi29thBirthday']
2021-10-26 15:22:19+02:00,['AnimalsToday']
2021-10-26 15:22:20+02:00,"['btsfanart', 'jungkook']"
2021-10-26 15:22:20+02:00,"['izmit', 'bayan']"
2021-10-26 15:22:20+02:00,"['investing', 'profits', 'cryptocurrency', 'SmallCaps', 'trading', 'Bitcoin']"
2021-10-26 15:22:20+02:00,['Shami']
2021-10-26 15:22:21+02:00,"['RAWRAwards2021', 'RAWRDonBelle']"
2021-10-26 15:22:22+02:00,['PaMisMuchachas']
2021-10-26 15:22:22+02:00,['Jakehoon']
2021-10-26 15:22:22+02:00,"['dreamfanart', 'dreamwastaken', 'positivity']"
2021-10-26 15:22:23+02:00,"['deluxe', 'celebration']"
2021-10-26 15:22:26+02:00,"['ZaynMalik', '100mosthandsomemen2021', 'tbworld2021']"
2021-10-26 15:22:26+02:00,['throwback']
2021-10-26 15:22:27+02:00,"['TuKiRaWithDJHueningkai', 'TOMORROW_X_TOGETHER']"
2021-10-26 15:22:28+02:00,['RohithSharma']
2021-10-26 15:22:30+02:00,['SonDakika']
2021-10-26 15:22:30+02:00,['ARIAsArianaGande']
2021-10-26 15:22:31+02:00,['1']
2021-10-26 15:22:31+02:00,"['13', '1']"
2021-10-26 15:22:32+02:00,['ThankYou_MC_KangDaniel']
2021-10-26 15:22:33+02:00,"['SEC', 'stablecoins']"
2021-10-26 15:22:35+02:00,"['PrideOfWakiso', 'WeArePurpleSharks', 'POLWGFC']"
2021-10-26 15:22:36+02:00,['drawmei']
2021-10-26 15:22:36+02:00,"['AdaShopeediHati', 'WaktunyaShopeeGiveaway', '1111ShopeedanNCT127']"
2021-10-26 15:22:36+02:00,"['StefanOlsdal', 'BrianMolko', 'Placebo']"
2021-10-26 15:22:37+02:00,['TaxTheRich']
2021-10-26 15:22:39+02:00,"['Sunshine', 'LiamPayne']"
2021-10-26 15:22:39+02:00,"['nz', 'pak', 'NZvsPAK']"
2021-10-26 15:22:39+02:00,['JiminIsThestandard']
2021-10-26 15:22:44+02:00,"['DrDogKiller', '2']"
2021-10-26 15:22:45+02:00,['Huelga28octubreFijezaYa']
2021-10-26 15:22:45+02:00,['AnnaattheTrailer']
2021-10-26 15:22:45+02:00,"['MAGA', 'huwhitememes', 'FJB', 'LGB']"
2021-10-26 15:22:46+02:00,['TittyTuesday']
2021-10-26 15:22:46+02:00,['MiMusica']
2021-10-26 15:22:46+02:00,['MoreAboutNADINE']
2021-10-26 15:22:46+02:00,['Rockwithyou']
2021-10-26 15:22:46+02:00,['chucky']
2021-10-26 15:22:47+02:00,['natedree']
2021-10-26 15:22:48+02:00,"['SelaludiShopeeMantulSale', 'BelanjaMantuldiShopee', 'HariGajianIngatShopee']"
2021-10-26 15:22:49+02:00,"['t20worldcup', 'NZvPAK', 'PAKvNZ', 'Dream11', 'pak', 'nz']"
2021-10-26 15:22:50+02:00,['BOYCOTTMZETxAPTxGMA232']
2021-10-26 15:22:51+02:00,"['MONEY', 'LISA', 'LALISA']"
2021-10-26 15:22:53+02:00,['Bagaceira']
2021-10-26 15:22:53+02:00,['GlazersIn']
2021-10-26 15:22:53+02:00,['shibarmy']
2021-10-26 15:22:54+02:00,"['MondayMotivation', 'MondayMood', 'model', 'tomford']"
2021-10-26 15:22:55+02:00,"['LunarCrush', 'LunarShare']"
2021-10-26 15:22:55+02:00,['EPEX']
2021-10-26 15:22:56+02:00,['SHIB']
2021-10-26 15:22:56+02:00,"['SB19Anniv3rsaryLive', 'RAWRAwards2021', 'RAWRATIN']"
2021-10-26 15:22:56+02:00,['JusticeForHanDana']
2021-10-26 15:22:57+02:00,"['ShopeeBucininNCT127', 'DiShopeeAdaNCT127', 'KetemuNCT127diShopee']"
2021-10-26 15:22:58+02:00,"['SelaludiShopeeMantulSale', 'BelanjaMantuldiShopee', 'HariGajianIngatShopee']"
2021-10-26 15:22:58+02:00,"['ZackSnyder', 'RestoreTheSnyderVerse']"
2021-10-26 15:23:00+02:00,['UsutTuntasMenwaUNS']
2021-10-26 15:23:01+02:00,['TuKiRaWithDJHueningkai']
2021-10-26 15:23:03+02:00,"['dedenikhai', 'offgunau', 'OffGunFiloAu']"
2021-10-26 15:23:04+02:00,['rexnctz']
2021-10-26 15:23:04+02:00,['ARIAsTaylorSwift']
2021-10-26 15:23:04+02:00,['ARIAsTaylorSwift']
2021-10-26 15:23:05+02:00,['2571571']
2021-10-26 15:23:05+02:00,['BabyDogeCoin']
2021-10-26 15:23:05+02:00,['ScottishIndependence10']
2021-10-26 15:23:06+02:00,"['TuKiRaWithDJHueningkai', 'TOMORROW_X_TOGETHER']"
2021-10-26 15:23:06+02:00,['AryanKhan']
2021-10-26 15:23:06+02:00,['SidNaaz']
2021-10-26 15:23:07+02:00,['shine879']
2021-10-26 15:23:07+02:00,['HereWeGo']
2021-10-26 15:23:08+02:00,"['homesweethome', 'inspection', 'appraisal', 'hometownagent']"
2021-10-26 15:23:09+02:00,['SB19Anniv3rsaryLive']
2021-10-26 15:23:09+02:00,['KAI_IS_COMING']
2021-10-26 15:23:09+02:00,"['moon', 'nightsky']"
2021-10-26 15:23:09+02:00,"['shib', 'shibainu', 'ShibaSwap']"
2021-10-26 15:23:11+02:00,['ARIAsTaylorSwift']
2021-10-26 15:23:12+02:00,['RetallemLaPolicia']
2021-10-26 15:23:13+02:00,['CMYogiWithPradeepSingh']
2021-10-26 15:23:13+02:00,['Stron6erMikeeQuintos']
2021-10-26 15:23:16+02:00,['PS4share']
2021-10-26 15:23:18+02:00,"['DailyDevotional', 'SaintRampalJiThoughts']"
2021-10-26 15:23:20+02:00,['QuienEsKast']
2021-10-26 15:23:20+02:00,['DefendamosElMetro']
2021-10-26 15:23:21+02:00,"['EarthMixwithLorealChiffon', 'mixxiw']"
2021-10-26 15:23:21+02:00,['ScottishIndependence10']
2021-10-26 15:23:21+02:00,['TimnasDay']
2021-10-26 15:23:21+02:00,"['tits', 'public']"
2021-10-26 15:23:22+02:00,"['LFG', 'MOVRment', 'moonriver']"
2021-10-26 15:23:23+02:00,['PtiGovNoMore_Terrorism']
2021-10-26 15:23:24+02:00,['MoreAboutNADINE']
2021-10-26 15:23:26+02:00,['NewProfilePic']
2021-10-26 15:23:27+02:00,"['WhatsHappeningInMyanmar', 'Oct26Coup']"
2021-10-26 15:23:27+02:00,"['Pushpa', 'AlluArjun']"
2021-10-26 15:23:27+02:00,['GuessThatLITZ']
2021-10-26 15:23:28+02:00,['CorruptBJPExposed']
2021-10-26 15:23:28+02:00,['JulianRomanCagao']
2021-10-26 15:23:29+02:00,"['theowlhousefanart', 'theowlhouse']"
2021-10-26 15:23:30+02:00,['cursopublipapers']
2021-10-26 15:23:30+02:00,['EarthMixwithLorealChiffon']
2021-10-26 15:23:31+02:00,['MoreAboutNADINE']
2021-10-26 15:23:31+02:00,['jake']
2021-10-26 15:23:31+02:00,"['MVSales', 'MVTrans']"
2021-10-26 15:23:31+02:00,['KissesDelavin']
2021-10-26 15:23:31+02:00,['sao_anime']
2021-10-26 15:23:32+02:00,['tejran']
2021-10-26 15:23:34+02:00,['NewProfilePic']
2021-10-26 15:23:35+02:00,['TraityBunch']
2021-10-26 15:23:36+02:00,"['LargeCaps', 'scnDollHiVol']"
2021-10-26 15:23:38+02:00,['PtiGovNoMore_Terrorism']
2021-10-26 15:23:39+02:00,['rexnctz']
2021-10-26 15:23:39+02:00,['JoyladaxYinWar']
2021-10-26 15:23:40+02:00,['IStandWithQuintondeKock']
2021-10-26 15:23:40+02:00,['NewProfilePic']
2021-10-26 15:23:41+02:00,['ferrari']
2021-10-26 15:23:41+02:00,['tawan_V']
2021-10-26 15:23:42+02:00,['Bitcoin']
2021-10-26 15:23:42+02:00,['TurdReich']
2021-10-26 15:23:42+02:00,['TikTok']
2021-10-26 15:23:42+02:00,['ARIAsTaylorSwift']
2021-10-26 15:23:43+02:00,['drdogkiller']
2021-10-26 15:23:43+02:00,['Vi20FANfest']
2021-10-26 15:23:43+02:00,['KAI_IS_COMING']
2021-10-26 15:23:45+02:00,"['SB19Anniv3rsaryLive', 'RAWRAwards2021', 'RAWRATIN']"
2021-10-26 15:23:45+02:00,['ARIAsArianaGrande']
2021-10-26 15:23:46+02:00,"['PS5Share', 'NBA2K22']"
2021-10-26 15:23:50+02:00,"['Roblox', 'PetSimulatorX']"
2021-10-26 15:23:51+02:00,['NoBailToAryanKhan']
2021-10-26 15:23:51+02:00,['MoreAboutNADINE']
2021-10-26 15:23:51+02:00,"['brahmin', 'TeamIndia', 'sandyavandhanam', 'pakistan']"
2021-10-26 15:23:51+02:00,"['LunarCrush', 'LunarShare']"
2021-10-26 15:23:52+02:00,['TuKiRaWithDJHueningkai']
2021-10-26 15:23:52+02:00,['HappyBirthdayMohsinKhan']
2021-10-26 15:23:52+02:00,"['StreamForJungkook', 'Jungkook']"
2021-10-26 15:23:53+02:00,['1']
2021-10-26 15:23:54+02:00,"['DevathayaiKanden', 'KTV', 'SocialKondattam']"
2021-10-26 15:23:54+02:00,['SameerWakhende']
2021-10-26 15:23:54+02:00,"['747Live', '747Career']"
2021-10-26 15:23:54+02:00,"['poolpros', 'swimmingpoolscene']"
2021-10-26 15:23:55+02:00,['PalscityInTangazaUniversity']
2021-10-26 15:23:57+02:00,['SquidGame']
2021-10-26 15:23:59+02:00,"['SB19Anniv3rsaryLive', 'RAWRAwards2021', 'RAWRATIN']"
2021-10-26 15:23:59+02:00,"['KENTIN', 'SB19Anniv3rsaryLive', 'RAWRAwards2021', 'RAWRATIN']"
2021-10-26 15:23:59+02:00,['BakeOffArgentina']
2021-10-26 15:24:01+02:00,['MapleMapleBot']
2021-10-26 15:24:01+02:00,['OneSecondTweeted']
2021-10-26 15:24:01+02:00,"['MONEY', 'LISA', 'LALISA']"
2021-10-26 15:24:02+02:00,['Foxtober']
2021-10-26 15:24:02+02:00,"['ffj', 'tuesdaymotivations']"
2021-10-26 15:24:03+02:00,['Leunig']
2021-10-26 15:24:03+02:00,['1']
2021-10-26 15:24:03+02:00,['TuKiRaWithDJHueningkai']
2021-10-26 15:24:04+02:00,"['wifesharing', 'MFM', 'stag', 'vixen', 'neverjealous']"
2021-10-26 15:24:05+02:00,"['PratikIsTheBoss', 'PratikSehajpal', 'PratikFam']"
2021-10-26 15:24:05+02:00,['UknownNobleSouls']
2021-10-26 15:24:06+02:00,['NoBailToAryanKhan']
2021-10-26 15:24:06+02:00,"['25Oct', 'DavidNieves', 'somosubtjr', 'somoscptt']"
2021-10-26 15:24:08+02:00,"['BheeshmaParvam', 'Puzhu', 'MegastarMammootty', 'Mammootty']"
2021-10-26 15:24:08+02:00,['UkhozifmDrive']
2021-10-26 15:24:08+02:00,"['YashBoss', 'KGFChapter2']"
2021-10-26 15:24:08+02:00,['10YearsOfBlockbusterVelayudham']
2021-10-26 15:24:09+02:00,['VALUE_DOES_NOT_EXIST']
2021-10-26 15:24:09+02:00,['TuKiRaWithDJHueningkai']
2021-10-26 15:24:10+02:00,"['ShopeeBucininNCT127', 'DiShopeeAdaNCT127', 'KetemuNCT127diShopee']"
2021-10-26 15:24:11+02:00,['SB19Anniv3rsary']
2021-10-26 15:24:13+02:00,"['SB19Anniv3rsaryLive', 'RAWRAwards2021', 'RAWRATIN']"
2021-10-26 15:24:14+02:00,"['incest', 'incesto']"
2021-10-26 15:24:15+02:00,['HKMBinyagan']
2021-10-26 15:24:15+02:00,['ARIAsArianaGrande']
2021-10-26 15:24:16+02:00,"['lofi', 'couplegoals']"
2021-10-26 15:24:17+02:00,['PS4live']
2021-10-26 15:24:18+02:00,"['SelaludiShopeeMantulSale', 'BelanjaMantuldiShopee', 'HariGajianIngatShopee']"
2021-10-26 15:24:21+02:00,"['Bhajarangi2', 'YashBOSS', 'KGFChapter2']"
2021-10-26 15:24:22+02:00,['DarkSouls3']
2021-10-26 15:24:23+02:00,"['JCBL', 'MovingTheNation']"
2021-10-26 15:24:23+02:00,"['JagoOngkirMurah', 'LionParcel']"
2021-10-26 15:24:23+02:00,['SameerDayandevWankhede']
2021-10-26 15:24:24+02:00,['ARIAsTaylorSwift']
2021-10-26 15:24:25+02:00,['NouvellePhotoDeProfil']
2021-10-26 15:24:26+02:00,"['SB19', 'SB19Anniv3rsaryLive']"
2021-10-26 15:24:28+02:00,['enhypen_jay']
2021-10-26 15:24:29+02:00,"['brianwilson', 'wordsofwisdom']"
2021-10-26 15:24:29+02:00,"['mondaythoughts', 'BeKind', 'care', 'help', 'support', 'challenge', 'havecourage', 'Believe', 'dream']"
2021-10-26 15:24:30+02:00,"['SB19Anniv3rsaryLive', 'RAWRAwards2021', 'RAWRATIN']"
2021-10-26 15:24:31+02:00,"['VoteBlue', 'TrumpCult', 'GQPDomesticTerrorists']"
2021-10-26 15:24:34+02:00,"['PandoraPapers', 'LassoEsUnFracasso', 'LassoEvasor', 'LassoCorrupto', 'LassoMentiroso', 'LassoRenuncia']"
2021-10-26 15:24:36+02:00,['fashion']
2021-10-26 15:24:36+02:00,['LastBreath']
2021-10-26 15:24:37+02:00,['originalcharacter']
2021-10-26 15:24:40+02:00,['NowPlaying']
2021-10-26 15:24:40+02:00,"['philzafanart', 'mumzafanart', 'dsmpfanart']"
2021-10-26 15:24:41+02:00,"['BTS', 'MyUniverse', 'Butter', 'PermissiontoDance']"
2021-10-26 15:24:42+02:00,"['amazingnight', 'GoldenGlobes']"
2021-10-26 15:24:42+02:00,['NewProfilePic']
2021-10-26 15:24:44+02:00,['DanForPM']
2021-10-26 15:24:44+02:00,"['TuKiRaWithDJHueningkai', 'TOMORROW_X_TOGETHER']"
2021-10-26 15:24:45+02:00,"['MetroidDread', 'NintendoSwitch']"
2021-10-26 15:24:46+02:00,"['nftcollector', 'NFTCommmunity']"
2021-10-26 15:24:47+02:00,"['SB19Anniv3rsaryLive', 'RAWRAwards2021', 'RAWRATIN']"
2021-10-26 15:24:47+02:00,['PrinceHarry']
2021-10-26 15:24:48+02:00,['4191']
2021-10-26 15:24:50+02:00,['EndNigeriaNowToSaveLives']
2021-10-26 15:24:51+02:00,"['GodMorningTuesday', 'KabirisGod', 'Tuesdaymotivation', 'BCStorm']"
2021-10-26 15:24:51+02:00,"['TAEYONG', 'NCT127_Sticker']"
2021-10-26 15:24:51+02:00,['Niger']
2021-10-26 15:24:51+02:00,"['ShopeeBucininNCT127', 'DiShopeeAdaNCT127', 'KetemuNCT127diShopee']"
2021-10-26 15:24:51+02:00,"['KENTIN', 'SB19Anniv3rsaryLive', 'RAWRAwards2021', 'RAWRATIN']"
2021-10-26 15:24:53+02:00,"['SB19', 'SB19Anniv3rsary', 'RAWRAwards2021', 'RAWRATIN']"
2021-10-26 15:24:53+02:00,['MARK']
2021-10-26 15:24:53+02:00,['BOYCOTTMZETxAPTxGMA232']
2021-10-26 15:24:53+02:00,['EarthMixwithLorealChiffon']
2021-10-26 15:24:54+02:00,"['Baldwin', 'gun']"
2021-10-26 15:24:56+02:00,"['SelaludiShopeeMantulSale', 'BelanjaMantuldiShopee', 'HariGajianIngatShopee']"
2021-10-26 15:24:56+02:00,['BOYCOTTMZETxAPTxGMA232']
2021-10-26 15:24:58+02:00,"['RAWRAwards2021', 'RAWRRalphElla']"
2021-10-26 15:24:58+02:00,"['RAWRAwards2021', 'RAWRRalphElla']"
2021-10-26 15:24:59+02:00,['008']
2021-10-26 15:24:59+02:00,"['SB19Anniv3rsaryLive', 'RAWRAwards2021', 'RAWRATIN']"
2021-10-26 15:25:00+02:00,['DrDogKiller']
2021-10-26 15:25:02+02:00,"['mortages', 'mortgage']"
2021-10-26 15:25:02+02:00,"['Electrical', 'Python', 'electricalengineer']"
2021-10-26 15:25:03+02:00,"['SelaludiShopeeMantulSale', 'BelanjaMantuldiShopee', 'HariGajianIngatShopee']"
2021-10-26 15:25:03+02:00,"['pixowatch', 'customwatch', 'nft', 'NFTCommunity']"
2021-10-26 15:25:03+02:00,['AhmaudArbery']
2021-10-26 15:25:03+02:00,"['inktober2021', 'celestegame']"
2021-10-26 15:25:04+02:00,['KimSeonHo']
2021-10-26 15:25:06+02:00,"['TuKiRaWithDJHueningkai', 'TOMORROW_X_TOGETHER']"
2021-10-26 15:25:07+02:00,"['Mars', 'Mars']"
2021-10-26 15:25:08+02:00,['NoBailToAryanKhan']
2021-10-26 15:25:10+02:00,"['TuKiRaWithDJHueningkai', 'TOMORROW_X_TOGETHER']"
2021-10-26 15:25:11+02:00,['Secret26O']
2021-10-26 15:25:12+02:00,"['Remitano', 'eth', 'Ethereum']"
2021-10-26 15:25:13+02:00,['REALITY']
2021-10-26 15:25:14+02:00,"['kronillust', 'ameliaRT']"
2021-10-26 15:25:15+02:00,['Texas']
2021-10-26 15:25:15+02:00,"['Elemon', 'Corsair']"
2021-10-26 15:25:16+02:00,['HAECHAN']
2021-10-26 15:25:16+02:00,"['l15', 'Ethereum']"
2021-10-26 15:25:16+02:00,"['ps4', 'playstation', 'ps5']"
2021-10-26 15:25:16+02:00,['PS4share']
2021-10-26 15:25:18+02:00,['TuKiRaWithDJHueningkai']
2021-10-26 15:25:18+02:00,"['Jungfrau', 'Horoskope']"
2021-10-26 15:25:20+02:00,"['ultgg', 'ultimogg', 'binance', 'bnb', 'BHSDF']"
2021-10-26 15:25:23+02:00,"['shibainu', 'ShibaArmy', 'Bitcoin']"
2021-10-26 15:25:23+02:00,['oleatthewheel']
2021-10-26 15:25:24+02:00,['NoBailToAryanKhan']
2021-10-26 15:25:24+02:00,['RadioImpact']
2021-10-26 15:25:25+02:00,['HustlerNation']
2021-10-26 15:25:25+02:00,"['EchoGeneration', 'XboxShare']"
2021-10-26 15:25:26+02:00,"['KaranIsTheBoss', 'BBKingKaran', 'KaranKundrra', 'KaranKundrraSquad']"
2021-10-26 15:25:27+02:00,['sunki']
2021-10-26 15:25:27+02:00,['GuessThatLITZ']
2021-10-26 15:25:28+02:00,['MoreAboutNADINE']
2021-10-26 15:25:28+02:00,['LastBreath']
2021-10-26 15:25:29+02:00,"['WWEChampionship', 'WWERaw']"
2021-10-26 15:25:30+02:00,['UhuruAt60']
2021-10-26 15:25:33+02:00,"['makima', 'chainsawman']"
2021-10-26 15:25:34+02:00,"['MayWard', 'RAWRMayWard', 'RAWRAwards2021']"
2021-10-26 15:25:35+02:00,"['bobandbosip', 'amoraltrafanart']"
2021-10-26 15:25:36+02:00,['KarlieMontana']
2021-10-26 15:25:37+02:00,"['ShamitaShetty', 'ShamitaIsTheBoss']"
2021-10-26 15:25:41+02:00,['MVSales']
2021-10-26 15:25:41+02:00,"['SaveShadowhunters', 'Shadowhunters']"
2021-10-26 15:25:43+02:00,"['MaheshBabu', 'EvaruMeeloKoteeswarulu', 'ManOfMassesNTR']"
2021-10-26 15:25:43+02:00,['Halloween']
2021-10-26 15:25:44+02:00,"['DoShrekFam', 'SB19Anniv3rsaryLive', 'RAWRAwards2021', 'RAWRATIN']"
2021-10-26 15:25:45+02:00,"['SB19Anniv3rsaryLive', 'RAWRAwards2021', 'RAWRATIN']"
2021-10-26 15:25:46+02:00,['HKMBinyagan']
2021-10-26 15:25:46+02:00,['BrexitReality']
2021-10-26 15:25:47+02:00,"['food', 'recipes', 'Cooking']"
2021-10-26 15:25:49+02:00,"['AdaShopeediHati', 'WaktunyaShopeeGiveaway', '1111ShopeedanNCT127']"
2021-10-26 15:25:49+02:00,['darknetDiaries']
2021-10-26 15:25:51+02:00,['MoreAboutNADINE']
2021-10-26 15:25:51+02:00,['NewProfilePic']
2021-10-26 15:25:51+02:00,"['SaveShadowhunters', 'Shadowhunters']"
2021-10-26 15:25:52+02:00,"['Facebook', 'Ads', 'SmallBusiness', 'traffic', 'shop']"
2021-10-26 15:25:53+02:00,['TuKiRaWithDJHueningkai']
2021-10-26 15:25:53+02:00,"['FauciLiedDogsDied', '1']"
2021-10-26 15:25:54+02:00,['PtiGovNoMore_Terrorism']
2021-10-26 15:25:55+02:00,['BBC']
2021-10-26 15:25:57+02:00,['MoreAboutNADINE']
2021-10-26 15:25:58+02:00,['SendenGidemiyorum']
2021-10-26 15:25:58+02:00,"['ShopeeBucininNCT127', 'DiShopeeAdaNCT127', 'KetemuNCT127diShopee']"
2021-10-26 15:26:00+02:00,"['Bhajarangi2', 'YashBOSS', 'KGFChapter2']"
2021-10-26 15:26:01+02:00,"['ShopeeBucininNCT127', 'DiShopeeAdaNCT127', 'KetemuNCT127diShope']"
2021-10-26 15:26:02+02:00,['blackpinkflop']
2021-10-26 15:26:03+02:00,"['vcs', 'shemalejakartaselatan', 'vcstrusted', 'ladyboycantik', 'privatexcontents']"
2021-10-26 15:26:03+02:00,['JoyladaxYinWar']
2021-10-26 15:26:06+02:00,['OBGYN']
2021-10-26 15:26:06+02:00,['Science']
2021-10-26 15:26:07+02:00,"['AyBer', 'MelisMinkari', 'RecepUsta']"
2021-10-26 15:26:07+02:00,"['NRGTransit', 'MwalimuAndXclusive']"
2021-10-26 15:26:07+02:00,['TuKiRaWithDJHueningkai']
2021-10-26 15:26:08+02:00,"['AdaShopeediHati', 'WaktunyaShopeeGiveaway', '1111ShopeedanNCT127']"
2021-10-26 15:26:10+02:00,"['yeonjun', 'hueningkai']"
2021-10-26 15:26:11+02:00,"['CANZUK', 'FiveEyes']"
2021-10-26 15:26:11+02:00,"['RAWRAwards2021', 'RAWRRalphElla']"
2021-10-26 15:26:12+02:00,['GodMorningTuesday']
2021-10-26 15:26:13+02:00,['DrDogKiller']
2021-10-26 15:26:13+02:00,"['SaveShadowhunters', 'Shadowhunters']"
2021-10-26 15:26:13+02:00,['FreeAssange']
2021-10-26 15:26:15+02:00,"['Coinbase', 'harmonyprotocol']"
2021-10-26 15:26:16+02:00,"['TuKiRaWithDJHueningkai', 'TOMORROW_X_TOGETHER']"
2021-10-26 15:26:17+02:00,['Tales']
2021-10-26 15:26:17+02:00,"['Africancountdown', 'Np4']"
2021-10-26 15:26:18+02:00,['RiprendiamociIlFuturo']
2021-10-26 15:26:19+02:00,['TheBlacklist']
2021-10-26 15:26:19+02:00,['BoycottFabIndia']
2021-10-26 15:26:20+02:00,['NewProfilePic']
2021-10-26 15:26:22+02:00,['wiwx']
2021-10-26 15:26:24+02:00,['HKMBinyagan']
2021-10-26 15:26:25+02:00,"['losgistica', 'trasporti']"
2021-10-26 15:26:25+02:00,"['MattyThrashPhotography', 'SonyAlpha']"
2021-10-26 15:26:26+02:00,['VoteTWICEonAAA']
2021-10-26 15:26:26+02:00,['KieferXXVIII']
2021-10-26 15:26:27+02:00,['ScottyfromMarketing']
2021-10-26 15:26:28+02:00,['11254611']
2021-10-26 15:26:29+02:00,"['SelaludiShopeeMantulSale', 'BelanjaMantuldiShopee', 'HariGajianIngatShopee']"
2021-10-26 15:26:30+02:00,"['RoadSafety', 'RoadSafetyCyberabad']"
2021-10-26 15:26:31+02:00,"['SB19Anniv3rsaryLive', 'RAWRAwards2021', 'RAWRATIN']"
2021-10-26 15:26:31+02:00,['MakerEdNS']
2021-10-26 15:26:32+02:00,"['Zemmour', 'Drancy', 'FaceALaRue', 'Humour', 'Meme']"
2021-10-26 15:26:33+02:00,['Afghanistan']
2021-10-26 15:26:34+02:00,"['DAWON', 'SF9']"
2021-10-26 15:26:35+02:00,"['TuKiRaWithDJHueningkai', 'TOMORROW_X_TOGETHER']"
2021-10-26 15:26:37+02:00,['100']
2021-10-26 15:26:37+02:00,"['17', 'THEBOYZ']"
2021-10-26 15:26:38+02:00,"['ShopeeBucininNCT127', 'DiShopeeAdaNCT127', 'KetemuNCT127DiShopee']"
2021-10-26 15:26:40+02:00,['8']
2021-10-26 15:26:40+02:00,"['AyBer', 'MelisMinkari', 'RecepUsta']"
2021-10-26 15:26:40+02:00,"['nocturnestyle', 'WOMANofPOWER']"
2021-10-26 15:26:41+02:00,"['SB19', 'SB19Anniv3rsary', 'RAWRAwards2021', 'RAWRATIN']"
2021-10-26 15:26:42+02:00,"['StreamForJungkook', 'Jungkook']"
2021-10-26 15:26:43+02:00,['PAKvNZ']
2021-10-26 15:26:44+02:00,['cabalnuncaseraspresidente']
2021-10-26 15:26:46+02:00,['OleOut']
2021-10-26 15:26:46+02:00,['ResignPramodSawant']
2021-10-26 15:26:47+02:00,"['WarCrimesOfJunta', 'Oct26Coup', 'WhatsHappeningInMyanmar']"
2021-10-26 15:26:48+02:00,['ally']
2021-10-26 15:26:49+02:00,"['Transportation', 'ArlingtonVA']"
2021-10-26 15:26:49+02:00,['futureofwork']
2021-10-26 15:26:49+02:00,['VoteTWICEonAAA']
2021-10-26 15:26:49+02:00,"['blackpinkflop', 'blackpinkdisband']"
2021-10-26 15:26:49+02:00,['1204']
2021-10-26 15:26:50+02:00,['DrDogKiller']
2021-10-26 15:26:50+02:00,['JENNIE']
2021-10-26 15:26:51+02:00,['SameerWakhende']
2021-10-26 15:26:52+02:00,"['Astrazeneca', 'Report']"
2021-10-26 15:26:52+02:00,['NIFTY']
2021-10-26 15:26:53+02:00,"['SB19Anniv3rsaryLive', 'RAWRAwards2021', 'RAWRATIN']"
2021-10-26 15:26:54+02:00,"['SHIB', 'SHIBARMY']"
2021-10-26 15:26:55+02:00,"['TLCAfrica', 'BuildForYourLegacy', 'JustDifferent', 'ANMP']"
2021-10-26 15:26:56+02:00,"['batman', 'MakeTheBatfleckMovie']"
2021-10-26 15:26:57+02:00,['TV3GH']
2021-10-26 15:26:58+02:00,['MoreAboutNADINE']
2021-10-26 15:26:59+02:00,"['Bhajarangi2', 'YashBOSS', 'KGFChapter2']"
2021-10-26 15:26:59+02:00,['heeseung']
2021-10-26 15:26:59+02:00,"['UmarRiaz', 'BIggBoss15']"
2021-10-26 15:27:00+02:00,"['OnlyOnBSV', 'Bsv', 'OriginalBitcoin', 'BitcoinSV']"
2021-10-26 15:27:01+02:00,['ARIAsJustinBieber']
2021-10-26 15:27:02+02:00,"['PratikSehajpal', 'PratikFam']"
2021-10-26 15:27:03+02:00,"['AdaShopeediHati', 'WaktunyaShopeeGiveaway', '1111ShopeedanNCT127']"
2021-10-26 15:27:04+02:00,"['mp100', 'mobpsycho100']"
2021-10-26 15:27:04+02:00,['SB19']
2021-10-26 15:27:05+02:00,['PITTA_THE_NATION']
2021-10-26 15:27:06+02:00,['TuKiRaWithDJHueningkai']
2021-10-26 15:27:07+02:00,"['booty', 'bootybuilding', 'bootyfordays', 'bootybootybooty', 'bootyworkout']"
2021-10-26 15:27:07+02:00,['letsGoBrandon']
2021-10-26 15:27:08+02:00,['NewProfilePic']
2021-10-26 15:27:08+02:00,"['AdaShopeediHati', 'WaktunyaShopeeGiveaway', '1111ShopeedanNCT127']"
2021-10-26 15:27:09+02:00,"['GlobalArmsEmbargo', 'ASEAN_StandWithJustice', 'Oct26Coup', 'WhatsHappeningInMyanmar']"
2021-10-26 15:27:09+02:00,"['romanticism', 'cole']"
2021-10-26 15:27:09+02:00,['quieroladeriver']
2021-10-26 15:27:10+02:00,['MoreAboutNADINE']
2021-10-26 15:27:11+02:00,['moots']
2021-10-26 15:27:11+02:00,['FotoProfilBaru']
2021-10-26 15:27:12+02:00,"['aceattorney', 'simonkeyes', 'wockykitaki']"
2021-10-26 15:27:13+02:00,['SHIBDELETEAZERO']
2021-10-26 15:27:16+02:00,['uominiedonne']
2021-10-26 15:27:16+02:00,['Drawtoberfi']
2021-10-26 15:27:18+02:00,"['TuKiRaWithDJHueningkai', 'TOMORROW_X_TOGETHER']"
2021-10-26 15:27:21+02:00,['1s']
2021-10-26 15:27:23+02:00,"['AdaShopeediHati', 'WaktunyaShopeeGiveaway', '1111ShopeedanNCT127']"
2021-10-26 15:27:23+02:00,"['ASEAN_StandWithJustice', 'WhatsHappeningInMyanmar', 'Oct26Coup']"
2021-10-26 15:27:23+02:00,['mufc']
2021-10-26 15:27:24+02:00,"['TuKiRaWithDJHueningkai', 'TOMORROW_X_TOGETHER']"
2021-10-26 15:27:24+02:00,"['PresoIzaConspirador', 'RedDeTuiterosDemocraticos', 'NoAlParo']"
2021-10-26 15:27:25+02:00,['mustlisten_satsang']
2021-10-26 15:27:25+02:00,['GodNightTuesday']
2021-10-26 15:27:26+02:00,['TejasswiIsTheBoss']
2021-10-26 15:27:26+02:00,['DoWhatMovesYou']
2021-10-26 15:27:27+02:00,"['WynonnaEarp', 'BringWynonnaHome']"
2021-10-26 15:27:28+02:00,['GuessThatLitz']
2021-10-26 15:27:28+02:00,"['SongJoongKi', 'JeonYeoBeen']"
2021-10-26 15:27:32+02:00,"['MONEY', 'LISA', 'LALISA']"
2021-10-26 15:27:34+02:00,"['KitaGaruda', 'TimnasDay']"
2021-10-26 15:27:34+02:00,['SHIBARMY']
2021-10-26 15:27:35+02:00,['Stud']
2021-10-26 15:27:36+02:00,"['Yooshi', 'Yooshi', 'GameFi', 'NFA']"
2021-10-26 15:27:36+02:00,['FreedomShow']
2021-10-26 15:27:36+02:00,['DoucheOfTheWeek']
2021-10-26 15:27:37+02:00,"['KaranIsTheBoss', 'KaranKundrra']"
2021-10-26 15:27:38+02:00,['goooodmorning']
2021-10-26 15:27:38+02:00,"['13', '1']"
2021-10-26 15:27:38+02:00,['CHENJI']
2021-10-26 15:27:38+02:00,"['imsohappy', 'hellofall']"
2021-10-26 15:27:41+02:00,['HOYEON']
2021-10-26 15:27:41+02:00,['HKMBinyagan']
2021-10-26 15:27:42+02:00,['YoVoy']
2021-10-26 15:27:43+02:00,"['ZaynMalik', '100mosthandsomemen2021', 'tbworld2021']"
2021-10-26 15:27:44+02:00,['jungwoo']
2021-10-26 15:27:45+02:00,['Linux']
2021-10-26 15:27:46+02:00,"['SelaludiShopeeMantulSale', 'BelanjaMantuldiShopee', 'HariGajianIngatShopee']"
2021-10-26 15:27:46+02:00,"['V', 'JUNGKOOK', 'BTS']"
2021-10-26 15:27:47+02:00,"['ott3K', 'GTA5', 'NimoTV']"
2021-10-26 15:27:48+02:00,['LastBreath']
2021-10-26 15:27:48+02:00,['jeudemotspourri']
2021-10-26 15:27:49+02:00,['TurdReich']
2021-10-26 15:27:50+02:00,"['Assange', 'processo']"
2021-10-26 15:27:51+02:00,"['GenshinImpact', 'yaemiko']"
2021-10-26 15:27:51+02:00,['StreetWomanFighter']
2021-10-26 15:27:52+02:00,['SaintRampalJiQuotes']
2021-10-26 15:27:53+02:00,['MyGodBeWithYou']
2021-10-26 15:27:54+02:00,['UFC267']
2021-10-26 15:27:55+02:00,['TuKiRaWithDJHueningkai']
2021-10-26 15:27:56+02:00,"['VoteBLF', 'LGE2021', 'VoteForYourLife']"
2021-10-26 15:27:58+02:00,['KaranIsTheBoss']
2021-10-26 15:27:58+02:00,"['birdphotography', 'birdwatching', 'photography']"
2021-10-26 15:27:59+02:00,"['LINEFASHIONANNUALExYinWar', 'yinyin_anw']"
2021-10-26 15:28:00+02:00,"['HCI', 'Cloud28']"
2021-10-26 15:28:01+02:00,['OneSecondTweeted']
2021-10-26 15:28:01+02:00,"['NFT', 'helios']"
2021-10-26 15:28:01+02:00,['TuKiRaWithDJHueningkai']
2021-10-26 15:28:02+02:00,"['XRP', 'XRPHolders']"
2021-10-26 15:28:02+02:00,['Habbo']
2021-10-26 15:28:04+02:00,['MoreAboutNADINE']
2021-10-26 15:28:05+02:00,['DanForPM']
2021-10-26 15:28:05+02:00,"['SAvWI', 'Proteas', 'proteafire', 'T20WorldCup']"
2021-10-26 15:28:07+02:00,"['SB19', 'SB19Anniv3rsary', 'RAWRAwards2021', 'RAWRATIN']"
2021-10-26 15:28:07+02:00,['BlackLivesMatter']
2021-10-26 15:28:08+02:00,['Brexit']
2021-10-26 15:28:08+02:00,"['SelaludiShopeeMantulSale', 'BelanjaMantuldiShopee', 'HariGajianIngatShopee']"
2021-10-26 15:28:09+02:00,"['BLACKPINK', 'TWICE', 'AESPA', 'ITZY']"
2021-10-26 15:28:09+02:00,['PtiGovNoMore_Terrorism']
2021-10-26 15:28:10+02:00,"['SB19Anniv3rsaryLive', 'RAWRAwards2021', 'RAWRATIN']"
2021-10-26 15:28:12+02:00,['jakol']
2021-10-26 15:28:12+02:00,['DrDogKiller']
2021-10-26 15:28:13+02:00,"['KENTIN', 'SB19Anniv3rsary', 'RAWRAwards2021', 'RAWRATIN']"
2021-10-26 15:28:13+02:00,['ARIAsArianaGrande']
2021-10-26 15:28:14+02:00,"['zonaba', 'zonabu', 'zonajajan', 'zonauang']"
2021-10-26 15:28:15+02:00,['1']
2021-10-26 15:28:15+02:00,"['SelaludiShopeeMantulSale', 'BelanjaMantuldiShopee', 'HariGajianIngatShopee']"
2021-10-26 15:28:15+02:00,['DMLG']
2021-10-26 15:28:15+02:00,"['Catrina', 'Misantla', 'Veracruz', 'DiaDeMuertos']"
2021-10-26 15:28:15+02:00,['NewProfilePic']
2021-10-26 15:28:16+02:00,['nowplaying']
2021-10-26 15:28:16+02:00,['SpiderManNoWayHome']
2021-10-26 15:28:17+02:00,['SuperJuniorDnE']
2021-10-26 15:28:17+02:00,['castles']
2021-10-26 15:28:17+02:00,"['SelaludiShopeeMantulSale', 'BelanjaMantuldiShopee', 'HariGajianIngatShopee']"
2021-10-26 15:28:18+02:00,"['bootsontheground', 'prideof45']"
2021-10-26 15:28:18+02:00,['dailybingpup']
2021-10-26 15:28:19+02:00,['GuessThatLITZ']
2021-10-26 15:28:19+02:00,"['edchat', 'education']"
2021-10-26 15:28:21+02:00,['SuperJuniorDnE']
2021-10-26 15:28:21+02:00,"['beautifulhome', 'homesforsale']"
2021-10-26 15:28:22+02:00,['FAM4TMC']
2021-10-26 15:28:23+02:00,"['V', 'JUNGKOOK', 'BTS']"
2021-10-26 15:28:23+02:00,"['OPEP', 'OPEC', 'UKOIL', 'BRENT', 'WTI']"
2021-10-26 15:28:23+02:00,"['KaranIsTheBoss', 'KaranKundrra']"
2021-10-26 15:28:23+02:00,['RaiderNation']
2021-10-26 15:28:25+02:00,['EmploymentAlert']
2021-10-26 15:28:26+02:00,['cryptoaquaticsnft']
2021-10-26 15:28:26+02:00,['ForTheH']
2021-10-26 15:28:28+02:00,"['ShopeeBucininNCT127', 'DiShopeeAdaNCT127', 'KetemuNCT127diShopee']"
2021-10-26 15:28:29+02:00,"['TuKiRaWithDJHueningkai', 'TOMORROW_X_TOGETHER']"
2021-10-26 15:28:30+02:00,['SurokertiFinest']
2021-10-26 15:28:30+02:00,"['SB19Anniv3rsaryLive', 'RAWRAwards2021', 'RAWRATIN']"
2021-10-26 15:28:30+02:00,['EndJewHatred']
2021-10-26 15:28:31+02:00,['HKMBinyagan']
2021-10-26 15:28:32+02:00,['COVID19']
2021-10-26 15:28:33+02:00,['PtiGovNoMore_Terrorism']
2021-10-26 15:28:33+02:00,['brawlstars']
2021-10-26 15:28:33+02:00,['HappyBirthdayKej']
2021-10-26 15:28:34+02:00,['SAFEMOONARMY']
2021-10-26 15:28:35+02:00,['BlackLivesMatter']
2021-10-26 15:28:35+02:00,['infocianjur']
2021-10-26 15:28:36+02:00,['TuKiRaWithDJHueningkai']
2021-10-26 15:28:36+02:00,['OleOut']
2021-10-26 15:28:36+02:00,['ONTD']
2021-10-26 15:28:36+02:00,"['ICONProject', 'ICX', 'ICON']"
2021-10-26 15:28:37+02:00,"['SHIB', 'SHIBARMY']"
2021-10-26 15:28:38+02:00,"['KabirIsGod', 'SaintRampalJi']"
2021-10-26 15:28:38+02:00,['NoBailToAryanKhan']
2021-10-26 15:28:39+02:00,['DayAndFarm']
2021-10-26 15:28:40+02:00,"['StrayKidsdiWIBTVShow', 'TokopediaWIBOktober', 'AsyikMainBareng', 'WaktuIndonesiaBelanja']"
2021-10-26 15:28:40+02:00,"['MONEY', 'LISA', 'LALISA']"
2021-10-26 15:28:40+02:00,['ARIAsJustinBieber']
2021-10-26 15:28:40+02:00,"['SB19', 'SB19Anniv3rsary', 'RAWRAwards2021', 'RAWRATIN']"
2021-10-26 15:28:40+02:00,['ReleaseShahmirAndMurtaza']
2021-10-26 15:28:41+02:00,['YoVoy']
2021-10-26 15:28:42+02:00,['ICCT20WorldCup2021']
2021-10-26 15:28:42+02:00,['LetRonaldJump']
2021-10-26 15:28:44+02:00,"['AdaShopeediHati', 'WaktunyaShopeeGiveaway', '1111ShopeedanNCT127']"
2021-10-26 15:28:46+02:00,['NewProfilePic']
2021-10-26 15:28:46+02:00,['Stockings']
2021-10-26 15:28:47+02:00,"['nms', 'NoMansSky', 'nmsdepthoffield']"
2021-10-26 15:28:50+02:00,['Graviton']
2021-10-26 15:28:57+02:00,"['meowed', 'meowedofficial', 'TheMeowedClub']"
2021-10-26 15:28:58+02:00,['LouisActuality']
2021-10-26 15:28:58+02:00,['jhope']
2021-10-26 15:28:58+02:00,['NoBailToAryanKhan']
2021-10-26 15:29:00+02:00,"['SEVENTEEN', '4']"
2021-10-26 15:29:00+02:00,['MartinShabaya']
2021-10-26 15:29:02+02:00,"['648', 'DraftKingsNFT']"
2021-10-26 15:29:03+02:00,['TuKiRaWithDJHueningkai']
2021-10-26 15:29:04+02:00,"['13', '1']"
2021-10-26 15:29:05+02:00,"['Prabhas', 'Romantic']"
2021-10-26 15:29:05+02:00,"['RAWRAwards2021', 'RAWRRalphElla']"
2021-10-26 15:29:06+02:00,"['DailyLook', 'AUDUSD']"
2021-10-26 15:29:07+02:00,['FamilyMedicine']
2021-10-26 15:29:07+02:00,['MMMYPast']
2021-10-26 15:29:08+02:00,"['Riga', 'FideGrandswiss']"
2021-10-26 15:29:10+02:00,"['GodNightMonday', 'Kabir_Is_God']"
2021-10-26 15:29:10+02:00,"['ASEAN_StandWithJustice', 'Oct26Coup', 'WhatsHappeningInMyanmar']"
2021-10-26 15:29:11+02:00,['ARIAsTaylorSwift']
2021-10-26 15:29:11+02:00,['offday']
2021-10-26 15:29:12+02:00,"['conceptart', 'characterart', 'creaturedesign', 'horrorart']"
2021-10-26 15:29:12+02:00,['morethanjustanathlete']
2021-10-26 15:29:14+02:00,"['13', '1']"
2021-10-26 15:29:14+02:00,"['inktober2021', 'inktober2021day26', 'inktober', 'Inktoberday26', 'animaniacs']"
2021-10-26 15:29:16+02:00,['prsk_FA']
2021-10-26 15:29:16+02:00,"['SelaludiShopeeMantulSale', 'BelanjaMantuldiShopee', 'HariGajianIngatShopee']"
2021-10-26 15:29:16+02:00,['Sunshine']
2021-10-26 15:29:16+02:00,['Microber2021']
2021-10-26 15:29:18+02:00,['ARIAsJustinBieber']
2021-10-26 15:29:18+02:00,['MoreAboutNADINE']
2021-10-26 15:29:19+02:00,"['SelaludiShopeeMantulSale', 'BelanjaMantuldiShopee', 'HariGajianIngatShopee']"
2021-10-26 15:29:20+02:00,['FAM4TMC']
2021-10-26 15:29:21+02:00,['NoBailToAryanKhan']
2021-10-26 15:29:21+02:00,['CSR2WheelOfFortune']
2021-10-26 15:29:25+02:00,['KaranKundrra']
2021-10-26 15:29:25+02:00,"['HopeOnTheStreet', 'housedance', 'Practice']"
2021-10-26 15:29:25+02:00,"['Zombiestate', 'Giveaway']"
2021-10-26 15:29:26+02:00,"['SquadSpinny', 'SpinnyXSindhu']"
2021-10-26 15:29:26+02:00,"['SmythCounty', 'COVID', 'SmythCountyCOVID']"
2021-10-26 15:29:27+02:00,['HateHoax']
2021-10-26 15:29:28+02:00,"['iKON', 'HANBIN']"
2021-10-26 15:29:28+02:00,['Bitcoin']
2021-10-26 15:29:29+02:00,"['DoJusticeWithSSEsAEOs', 'RegulariseSSEsAEOs']"
2021-10-26 15:29:29+02:00,"['SelaludiShopeeMantulSale', 'BelanjaMantuldiShopee', 'HariGajianIngatShopee']"
2021-10-26 15:29:31+02:00,['ArtistOnTwitter']
2021-10-26 15:29:31+02:00,"['RaisedByWolves', 'HBOMax']"
2021-10-26 15:29:31+02:00,"['TuKiRaWithDJHueningkai', 'TOMORROW_X_TOGETHER']"
2021-10-26 15:29:31+02:00,['GuessThatLITZ']
2021-10-26 15:29:32+02:00,"['TuKiRaWithDJHueningkai', 'TOMORROW_X_TOGETHER']"
2021-10-26 15:29:32+02:00,['RaiderNation']
2021-10-26 15:29:33+02:00,['callillust']
2021-10-26 15:29:34+02:00,['NiteFlirt']
2021-10-26 15:29:35+02:00,['Kurup']
2021-10-26 15:29:35+02:00,['ARIAsJustinBieber']
2021-10-26 15:29:37+02:00,['CabutMandatPresiden2021']
2021-10-26 15:29:39+02:00,['ARIAsTaylorSwift']
2021-10-26 15:29:39+02:00,['BuildBackBetter']
2021-10-26 15:29:40+02:00,"['SelaludiShopeeMantulSale', 'BelanjaMantuldiShopee', 'HariGajianIngatShopee']"
2021-10-26 15:29:40+02:00,['TAEKOOK']
2021-10-26 15:29:40+02:00,"['klance', 'keithkogane', 'lancemcclain', 'vld']"
2021-10-26 15:29:41+02:00,"['AdaShopeediHati', 'WaktunyaShopeeGiveaway', '1111ShopeedanNCT127']"
2021-10-26 15:29:41+02:00,['cafc']
2021-10-26 15:29:42+02:00,['RiprendiamociIlFuturo']
2021-10-26 15:29:43+02:00,['MoreAboutNADINE']
2021-10-26 15:29:43+02:00,['ARIAsJustinBieber']
2021-10-26 15:29:43+02:00,['DoWhatMovesYou']
2021-10-26 15:29:44+02:00,"['SB19Anniv3rsaryLive', 'RAWRAwards2021', 'RAWRATIN']"
2021-10-26 15:29:44+02:00,"['domme', 'mommy', 'degradingkink']"
2021-10-26 15:29:44+02:00,['braille']
2021-10-26 15:29:44+02:00,"['Nintendo64', 'NintendoSwitchOnline', 'NintendoSwitch']"
2021-10-26 15:29:45+02:00,['Yuta']
2021-10-26 15:29:45+02:00,['SB19Anniv3rsary']
2021-10-26 15:29:46+02:00,['crypto']
2021-10-26 15:29:47+02:00,['HartzUndHerzlich']
2021-10-26 15:29:47+02:00,['BabyDogeCoin']
2021-10-26 15:29:48+02:00,['TruthOfKarvaChauth']
2021-10-26 15:29:52+02:00,['teamsinaloa']
2021-10-26 15:29:55+02:00,"['BahasaInggris', 'ambisverse', 'ambistwt']"
2021-10-26 15:29:55+02:00,"['DenverBroncos', 'sfm']"
2021-10-26 15:29:56+02:00,"['SelaludiShopeeMantulSale', 'BelanjaMantuldiShopee', 'HariGajianIngatShopee']"
2021-10-26 15:29:56+02:00,['WhatNotToPutInYourMouth']
2021-10-26 15:29:57+02:00,['COVID19']
2021-10-26 15:30:00+02:00,"['INDvPAK', 'T20WorldCup']"
2021-10-26 15:30:00+02:00,['rejection']
2021-10-26 15:30:00+02:00,['MMMYPast']
2021-10-26 15:30:02+02:00,['MoreAboutNADINE']
2021-10-26 15:30:02+02:00,"['math', 'floatingpoint']"
2021-10-26 15:30:05+02:00,['GOTGGameSweepstakes']
